sequence_ID,syn_lethal
ST8814_Final,0.03354512276432314
STS26T_Final,0.024354138306510103
D02_iHSC1L_C3_Final,185.1500650908057
E02_iHSC1L_F12_Final,4.92275810131856
E12_S462_E9_Final,0.10016113960595326
ipn1L.final,1969.971659743303
ipn2J.final,13.23661880985927
ipn3D.final,0.5701436756191389
PRF0_11_UNS_BR-13,0.020996262226419912
PRF0_17_UNS_BR-13,0.03076910659329061
PRF-1_6_UNS_BR-13,0.01755117611993591
PRF-1_16_UNS_BR-13,0.01830715607442618
CTRL_R1_R2_BR-13,0.14264805952391857
CTRL_R3_1_BR-13,0.16672574893831066
CTRL_R4_BR-13,0.18111396994823642
Meljuso-Control guide-Dropout-RepA_BR-15,0.021948592663931975
Meljuso-Control guide-Dropout-RepB_BR-15,0.01650211787096262
Meljuso-Control guide-A-1331852-RepA_BR-15,0.03927913090414363
Meljuso-Control guide-A-1331852-RepB_BR-15,0.025941234101501447
Meljuso-Control guide-S63845-RepA_BR-15,0.022185340799729083
Meljuso-Control guide-S63845-RepB_BR-15,0.015927633991814294
OVCAR8-Control guide-Dropout-RepA_BR-15,0.03480160765663621
OVCAR8-Control guide-Dropout-RepB_BR-15,0.03259231218002459
OVCAR8-Control guide-A-1331852-RepA_BR-15,0.04009763661274784
OVCAR8-Control guide-A-1331852-RepB_BR-15,0.028540540830778054
OVCAR8-Control guide-S63845-RepA_BR-15,0.03740096832494726
OVCAR8-Control guide-S63845-RepB_BR-15,0.03174023224066645
OVCAR8-Control guide-Olaparib-RepA_BR-15,0.06838116500218121
OVCAR8-Control guide-Olaparib-RepB_BR-15,0.0616711780861021
A375-Control guide-Dropout-RepA_BR-15,0.12484066310171144
A375-Control guide-Dropout-RepB_BR-15,0.10424359654834066
A375-Control guide-Olaparib-RepA_BR-15,0.1170475084222787
A375-Control guide-Olaparib-RepB_BR-15,0.14675724684773192
HAP1-Parental-Talazoparib-Rep A_BR-15,0.1991620517904249
HAP1-Parental-Talazoparib-Rep B_BR-15,0.21538074003587115
