sequence_ID,cell_line_name,pDNA_batch,days,replicate_ID
ST8814_Final,ST88-14,batch1,18,ST88-14_batch1_ST8814_Final
ST8814_Initial,pDNA,batch1,0,pDNA_batch1_ST8814_Initial
STS26T_Final,STS-26T,batch2,18,STS-26T_batch2_STS26T_Final
STS26T_Initial,pDNA,batch2,0,pDNA_batch2_STS26T_Initial
D01_iHSC1L_C3_Initial,pDNA,batch4,0,pDNA_batch4_D01_iHSC1L_C3_Initial
D02_iHSC1L_C3_Final,iHSC1L_C3,batch4,18,iHSC1L_C3_batch4_D02_iHSC1L_C3_Final
E01_iHSC1L_F12_Initial,pDNA,batch5,0,pDNA_batch5_E01_iHSC1L_F12_Initial
E02_iHSC1L_F12_Final,iHSC1L_F12,batch5,18,iHSC1L_F12_batch5_E02_iHSC1L_F12_Final
E11_S462_E9_Initial,pDNA,batch6,0,pDNA_batch6_E11_S462_E9_Initial
E12_S462_E9_Final,S462,batch6,18,S462_batch6_E12_S462_E9_Final
ipn1L.initial,pDNA,batch7,0,pDNA_batch7_ipn1L.initial
ipn1L.final,iPN1L,batch7,18,iPN1L_batch7_ipn1L.final
ipn2J.initial,pDNA,batch8,0,pDNA_batch8_ipn2J.initial
ipn2J.final,iPN2J,batch8,18,iPN2J_batch8_ipn2J.final
ipn3D.initial,pDNA,batch9,0,pDNA_batch9_ipn3D.initial
ipn3D.final,iPN3D,batch9,18,iPN3D_batch9_ipn3D.final
PRF0_11_UNS_BR-13,cell1,batch13,21,cell1_batch13_PRF0_11_UNS_BR-13
PRF0_17_UNS_BR-13,cell2,batch13,21,cell2_batch13_PRF0_17_UNS_BR-13
PRF-1_6_UNS_BR-13,cell3,batch13,21,cell3_batch13_PRF-1_6_UNS_BR-13
PRF-1_16_UNS_BR-13,cell4,batch13,21,cell4_batch13_PRF-1_16_UNS_BR-13
CTRL_R1_R2_BR-13,cell5,batch13,21,cell5_batch13_CTRL_R1_R2_BR-13
CTRL_R3_1_BR-13,cell6,batch13,21,cell6_batch13_CTRL_R3_1_BR-13
CTRL_R4_BR-13,cell7,batch13,21,cell7_batch13_CTRL_R4_BR-13
Meljuso-Control guide-Dropout-RepA_BR-15,cell8,batch15,21,cell8_batch15_Meljuso-Control guide-Dropout-RepA_BR-15
Meljuso-Control guide-Dropout-RepB_BR-15,cell9,batch15,21,cell9_batch15_Meljuso-Control guide-Dropout-RepB_BR-15
Meljuso-Control guide-A-1331852-RepA_BR-15,cell10,batch15,21,cell10_batch15_Meljuso-Control guide-A-1331852-RepA_BR-15
Meljuso-Control guide-A-1331852-RepB_BR-15,cell11,batch15,21,cell11_batch15_Meljuso-Control guide-A-1331852-RepB_BR-15
Meljuso-Control guide-S63845-RepA_BR-15,cell12,batch15,21,cell12_batch15_Meljuso-Control guide-S63845-RepA_BR-15
Meljuso-Control guide-S63845-RepB_BR-15,cell13,batch15,21,cell13_batch15_Meljuso-Control guide-S63845-RepB_BR-15
OVCAR8-Control guide-Dropout-RepA_BR-15,cell14,batch15,21,cell14_batch15_OVCAR8-Control guide-Dropout-RepA_BR-15
OVCAR8-Control guide-Dropout-RepB_BR-15,cell15,batch15,21,cell15_batch15_OVCAR8-Control guide-Dropout-RepB_BR-15
OVCAR8-Control guide-A-1331852-RepA_BR-15,cell16,batch15,21,cell16_batch15_OVCAR8-Control guide-A-1331852-RepA_BR-15
OVCAR8-Control guide-A-1331852-RepB_BR-15,cell17,batch15,21,cell17_batch15_OVCAR8-Control guide-A-1331852-RepB_BR-15
OVCAR8-Control guide-S63845-RepA_BR-15,cell18,batch15,21,cell18_batch15_OVCAR8-Control guide-S63845-RepA_BR-15
OVCAR8-Control guide-S63845-RepB_BR-15,cell19,batch15,21,cell19_batch15_OVCAR8-Control guide-S63845-RepB_BR-15
OVCAR8-Control guide-Olaparib-RepA_BR-15,cell20,batch15,21,cell20_batch15_OVCAR8-Control guide-Olaparib-RepA_BR-15
OVCAR8-Control guide-Olaparib-RepB_BR-15,cell21,batch15,21,cell21_batch15_OVCAR8-Control guide-Olaparib-RepB_BR-15
A375-Control guide-Dropout-RepA_BR-15,cell22,batch15,21,cell22_batch15_A375-Control guide-Dropout-RepA_BR-15
A375-Control guide-Dropout-RepB_BR-15,cell23,batch15,21,cell23_batch15_A375-Control guide-Dropout-RepB_BR-15
A375-Control guide-Olaparib-RepA_BR-15,cell24,batch15,21,cell24_batch15_A375-Control guide-Olaparib-RepA_BR-15
A375-Control guide-Olaparib-RepB_BR-15,cell25,batch15,21,cell25_batch15_A375-Control guide-Olaparib-RepB_BR-15
HAP1-Parental-Talazoparib-Rep A_BR-15,cell26,batch15,21,cell26_batch15_HAP1-Parental-Talazoparib-Rep A_BR-15
HAP1-Parental-Talazoparib-Rep B_BR-15,cell27,batch15,21,cell27_batch15_HAP1-Parental-Talazoparib-Rep B_BR-15
pDNA_batch_BR-13,pDNA,batch13,0,pDNA_batch13_pDNA_batch_BR-13
pDNA_batch_BR-15,pDNA,batch15,0,pDNA_batch15_pDNA_batch_BR-15
